location,year,percent
United States,2009,1.115785266
United States,2010,1.120761154
United States,2011,1.126845166
United States,2012,1.137278305
United States,2013,1.141515271
United States,2014,1.143455898
United States,2015,1.143024507
United States,2016,1.145356449
Oita,2009,0.030072948
Oita,2010,0.029913552
Oita,2011,0.029588838
Oita,2012,0.029613281
Oita,2013,0.029776337
Oita,2014,0.029776781
Oita,2015,0.029775011
Oita,2016,0.029750512
Osaka,2008,0.029272101
Osaka,2009,0.029290937
Osaka,2010,0.02889621
Osaka,2011,0.028234948
Osaka,2012,0.028538478
Osaka,2013,0.029166819
Osaka,2014,0.029120393
Osaka,2015,0.029164783
Osaka,2016,0.029201174
Afghanistan,2009,0.068004098
Afghanistan,2010,0.341419675
Afghanistan,2011,0.339195398
Afghanistan,2012,0.34216456
Afghanistan,2013,0.359539078
Afghanistan,2014,0.348315239
Afghanistan,2015,0.334463487
Afghanistan,2016,0.326988901
Aguascalientes,2008,0.461188978
Aguascalientes,2009,0.473916323
Aguascalientes,2010,0.482756087
Aguascalientes,2011,0.492373423
Aguascalientes,2012,0.480956601
Aguascalientes,2013,0.476540018
Aguascalientes,2014,0.468058127
Aguascalientes,2015,0.469962662
Aguascalientes,2016,0.475005881
Aichi,2008,0.027511018
Aichi,2009,0.019861647
Aichi,2010,0.027227162
Aichi,2011,0.026804958
Aichi,2012,0.027043704
Aichi,2013,0.027388906
Aichi,2014,0.027346909
Aichi,2015,0.027320579
Aichi,2016,0.027315143
Akita,2008,0.007230398
Akita,2009,0.026643067
Akita,2010,0.026494496
Akita,2011,0.026010548
Akita,2012,0.026346978
Akita,2013,0.025989652
Akita,2014,0.026367842
Akita,2015,0.026531829
Akita,2016,0.026560672
Albania,2008,0.201818489
Albania,2009,0.391132284
Albania,2010,0.398419168
Albania,2011,0.400972913
Albania,2012,0.403017992
Albania,2013,0.404894609
Albania,2014,0.406010326
Albania,2015,0.40791711
Albania,2016,0.40925393
Algeria,2009,0.113202494
Algeria,2011,0.114827405
Algeria,2012,0.114505764
Algeria,2013,0.114748303
Algeria,2014,0.114296579
Algeria,2015,0.115170571
Algeria,2016,0.116321647
American Samoa,2009,0.017849098
American Samoa,2010,0.131559151
American Samoa,2011,0.127958876
American Samoa,2012,0.126450497
American Samoa,2013,0.12333752
American Samoa,2014,0.127974439
American Samoa,2015,0.128328425
American Samoa,2016,0.128869764
Andean Latin America,2009,0.549238927
Andean Latin America,2010,0.54497506
Andean Latin America,2011,0.537506247
Andean Latin America,2012,0.526814892
Andean Latin America,2013,0.517149476
Andean Latin America,2014,0.512481947
Andean Latin America,2015,0.523489864
Andean Latin America,2016,0.516976616
Andorra,2008,0.134031251
Andorra,2009,0.01318677
Andorra,2011,0.13378278
Andorra,2012,0.134040409
Andorra,2013,0.133627259
Andorra,2014,0.13075067
Andorra,2015,0.13143171
Andorra,2016,0.13154628
Angola,2008,0.062789276
Angola,2009,0.084894519
Angola,2010,0.085238301
Angola,2011,0.085396384
Angola,2012,0.085810673
Angola,2013,0.086414653
Angola,2014,0.087618326
Angola,2015,0.08834623
Angola,2016,0.086819581
Antigua and Barbuda,2009,0.306567361
Antigua and Barbuda,2010,0.64949533
Antigua and Barbuda,2011,0.633968889
Antigua and Barbuda,2012,0.619000088
Antigua and Barbuda,2013,0.618727322
Antigua and Barbuda,2014,0.613873698
Antigua and Barbuda,2015,0.609519236
Antigua and Barbuda,2016,0.606617619
Aomori,2008,0.027743312
Aomori,2009,0.027494394
Aomori,2010,0.02714957
Aomori,2011,0.026318537
Aomori,2012,0.027137558
Aomori,2013,0.027664049
Aomori,2014,0.02746647
Aomori,2015,0.027463078
Aomori,2016,0.02735606
Argentina,2008,0.581505746
Argentina,2009,0.686781246
Argentina,2010,0.683595841
Argentina,2011,0.684116763
Argentina,2012,0.682786139
Argentina,2013,0.693493919
Argentina,2014,0.704181219
Argentina,2015,0.704838898
Argentina,2016,0.704408809
Armenia,2008,0.075905932
Armenia,2010,0.073642018
Armenia,2011,0.226932217
Armenia,2012,0.224678045
Armenia,2013,0.222572424
Armenia,2014,0.210699082
Armenia,2015,0.208980124
Armenia,2016,0.213982746
Australasia,2009,0.159850902
Australasia,2010,0.156162515
Australasia,2011,0.148201814
Australasia,2012,0.150529346
Australasia,2013,0.151780375
Australasia,2014,0.151975617
Australasia,2015,0.152314516
Australasia,2016,0.15268891
Australia,2008,0.163777372
Australia,2009,0.159630508
Australia,2010,0.15632308
Australia,2011,0.149392907
Australia,2012,0.149299577
Australia,2013,0.15087975
Australia,2014,0.150950065
Australia,2015,0.151361185
Australia,2016,0.151887694
Austria,2008,0.229401292
Austria,2009,0.253441814
Austria,2010,0.265907783
Austria,2011,0.257886712
Austria,2012,0.259388984
Austria,2013,0.259202766
Austria,2014,0.260137341
Austria,2015,0.26053099
Austria,2016,0.261353037
Azerbaijan,2008,0.214105623
Azerbaijan,2009,0.214344878
Azerbaijan,2010,0.213813351
Azerbaijan,2011,0.216083416
Azerbaijan,2012,0.217446472
Azerbaijan,2013,0.220114026
Azerbaijan,2014,0.220120168
Azerbaijan,2015,0.219034415
Azerbaijan,2016,0.22196525
Bahrain,2009,0.088743797
Bahrain,2010,0.113865753
Bahrain,2011,0.108391435
Bahrain,2012,0.111396306
Bahrain,2013,0.125339062
Bahrain,2014,0.131414012
Bahrain,2015,0.130154963
Bahrain,2016,0.130215221
Baja California,2009,1.160201118
Baja California,2010,1.172179795
Baja California,2011,1.143542695
Baja California,2012,1.113210963
Baja California,2013,1.121384291
Baja California,2014,1.097191034
Baja California,2015,1.092401773
Baja California,2016,1.087876588
Baja California Sur,2009,0.510192497
Baja California Sur,2010,0.537290949
Baja California Sur,2011,0.554669658
Baja California Sur,2012,0.565364558
Baja California Sur,2013,0.573653337
Baja California Sur,2014,0.58254768
Baja California Sur,2015,0.608966899
Baja California Sur,2016,0.604916472
Bangladesh,2008,0.05372159
Bangladesh,2009,0.056257419
Bangladesh,2010,0.056523511
Bangladesh,2011,0.055176525
Bangladesh,2012,0.054768001
Bangladesh,2013,0.053720556
Bangladesh,2014,0.054075179
Bangladesh,2015,0.05419253
Bangladesh,2016,0.054062685
Barbados,2008,0.062954883
Barbados,2009,0.47155813
Barbados,2010,0.463852886
Barbados,2011,0.467002764
Barbados,2012,0.46177775
Barbados,2013,0.463347595
Barbados,2014,0.457569157
Barbados,2015,0.454910237
Barbados,2016,0.453127406
Belarus,2008,0.118507325
Belarus,2009,0.116231396
Belarus,2010,0.11331993
Belarus,2011,0.111369408
Belarus,2012,0.110657007
Belarus,2013,0.107185086
Belarus,2014,0.106327338
Belarus,2015,0.107141586
Belarus,2016,0.107466125
Belgium,2008,0.257078264
Belgium,2009,0.249092691
Belgium,2010,0.245542396
Belgium,2011,0.244046245
Belgium,2012,0.241605479
Belgium,2013,0.234778372
Belgium,2014,0.238220891
Belgium,2015,0.239183694
Belgium,2016,0.238305872
Belize,2009,0.86539854
Belize,2010,0.869797627
Belize,2011,0.892070148
Belize,2012,0.894531807
Belize,2013,0.888834787
Belize,2014,0.876553421
Belize,2015,0.873409262
Belize,2016,0.874224895
Benin,2009,0.126845282
Benin,2010,0.129396881
Benin,2011,0.132769334
Benin,2012,0.135634036
Benin,2013,0.137953949
Benin,2014,0.139752364
Benin,2015,0.142277392
Benin,2016,0.145859954
Bermuda,2008,0.027866558
Bermuda,2009,0.282163436
Bermuda,2010,0.283102203
Bermuda,2011,0.281295932
Bermuda,2012,0.277258142
Bermuda,2013,0.27888933
Bermuda,2014,0.263282725
Bermuda,2015,0.265175943
Bermuda,2016,0.264823285
Bhutan,2008,0.068910563
Bhutan,2009,0.075859929
Bhutan,2010,0.07782047
Bhutan,2011,0.077784326
Bhutan,2012,0.0776451
Bhutan,2013,0.07760553
Bhutan,2014,0.077454018
Bhutan,2015,0.077254911
Bhutan,2016,0.077131684
Bolivia,2008,0.096652158
Bolivia,2009,0.398059313
Bolivia,2010,0.406566322
Bolivia,2011,0.406289055
Bolivia,2012,0.411550531
Bolivia,2013,0.413230275
Bolivia,2014,0.417272816
Bolivia,2015,0.423602343
Bolivia,2016,0.428821334
Bosnia and Herzegovina,2008,0.167207862
Bosnia and Herzegovina,2009,6.27E-05
Bosnia and Herzegovina,2010,0.172802366
Bosnia and Herzegovina,2011,0.170293554
Bosnia and Herzegovina,2012,0.181310782
Bosnia and Herzegovina,2013,0.193393016
Bosnia and Herzegovina,2014,0.208478646
Bosnia and Herzegovina,2015,0.206281586
Bosnia and Herzegovina,2016,0.20560556
Botswana,2009,0.0727458
Botswana,2010,0.076932537
Botswana,2011,0.080967114
Botswana,2012,0.084995417
Botswana,2013,0.089792332
Botswana,2014,0.093298979
Botswana,2015,0.096404879
Botswana,2016,0.100307454
Brazil,2009,0.012466135
Brazil,2010,1.477156617
Brazil,2011,1.481396317
Brazil,2012,1.500994908
Brazil,2013,1.513040772
Brazil,2014,1.532001707
Brazil,2015,1.545227294
Brazil,2016,1.540159107
Brunei,2009,0.054724337
Brunei,2010,0.055020816
Brunei,2011,0.054801474
Brunei,2012,0.054210104
Brunei,2013,0.05346791
Brunei,2014,0.05098085
Brunei,2015,0.051404239
Brunei,2016,0.051425407
Bulgaria,2009,0.043729606
Bulgaria,2010,0.196492801
Bulgaria,2011,0.197350259
Bulgaria,2012,0.201850402
Bulgaria,2013,0.199762702
Bulgaria,2014,0.189010988
Bulgaria,2015,0.186921146
Bulgaria,2016,0.183666679
Burkina Faso,2008,0.012508059
Burkina Faso,2009,0.039266964
Burkina Faso,2010,0.053294782
Burkina Faso,2011,0.052673111
Burkina Faso,2012,0.055737049
Burkina Faso,2013,0.057011822
Burkina Faso,2014,0.057789465
Burkina Faso,2015,0.058561029
Burkina Faso,2016,0.059127825
Burundi,2009,0.046858496
Burundi,2010,0.048147156
Burundi,2011,0.049104815
Burundi,2012,0.050654505
Burundi,2013,0.051093795
Burundi,2014,0.051217273
Burundi,2015,0.052085139
Burundi,2016,0.052745185
Cambodia,2008,0.024918983
Cambodia,2009,0.069013268
Cambodia,2010,0.068876172
Cambodia,2011,0.070113015
Cambodia,2012,0.071875685
Cambodia,2013,0.072063984
Cambodia,2014,0.073090148
Cambodia,2015,0.074070173
Cambodia,2016,0.074751465
Cameroon,2009,0.106050938
Cameroon,2010,0.108129736
Cameroon,2011,0.110272829
Cameroon,2012,0.112303407
Cameroon,2013,0.113244232
Cameroon,2014,0.113830878
Cameroon,2015,0.113819185
Cameroon,2016,0.116335763
Campeche,2007,0.411616609
Campeche,2009,0.465381704
Campeche,2010,0.46995539
Campeche,2011,0.480568682
Campeche,2012,0.488968858
Campeche,2013,0.491177021
Campeche,2014,0.484419192
Campeche,2015,0.481597971
Campeche,2016,0.496798355
Canada,2009,0.354447453
Canada,2010,0.356481737
Canada,2011,0.352683764
Canada,2012,0.348882291
Canada,2013,0.348069976
Canada,2014,0.347724967
Canada,2015,0.346835558
Canada,2016,0.345845724
Cape Verde,2008,0.515964625
Cape Verde,2009,0.656997521
Cape Verde,2010,0.677755806
Cape Verde,2011,0.69615924
Cape Verde,2012,0.697223347
Cape Verde,2013,0.699558829
Cape Verde,2014,0.702207192
Cape Verde,2015,0.687635224
Cape Verde,2016,0.703698228
Caribbean,2009,0.552766719
Caribbean,2010,0.167414394
Caribbean,2011,0.565849257
Caribbean,2012,0.571317765
Caribbean,2013,0.575411317
Caribbean,2014,0.57796298
Caribbean,2015,0.582072507
Caribbean,2016,0.572406646
Central African Republic,2009,0.066835719
Central African Republic,2010,0.070288397
Central African Republic,2011,0.071747333
Central African Republic,2012,0.0715135
Central African Republic,2013,0.06424362
Central African Republic,2014,0.065025125
Central African Republic,2015,0.074282813
Central African Republic,2016,0.076375752
Central Asia,2009,0.03165528
Central Asia,2010,0.09474312
Central Asia,2011,0.093097458
Central Asia,2012,0.090702455
Central Asia,2013,0.090518596
Central Asia,2014,0.089096893
Central Asia,2015,0.090105625
Central Asia,2016,0.091037908
Central Europe,2009,0.140388215
Central Europe,2010,0.139689533
Central Europe,2011,0.140018875
Central Europe,2012,0.140267264
Central Europe,2013,0.141294392
Central Europe,2014,0.141407634
Central Europe,2015,0.144350853
Central Europe,2016,0.147141143
"Central Europe, Eastern Europe, and Central Asia",2009,0.06429317
"Central Europe, Eastern Europe, and Central Asia",2010,0.115746036
"Central Europe, Eastern Europe, and Central Asia",2011,0.113233313
"Central Europe, Eastern Europe, and Central Asia",2012,0.111189838
"Central Europe, Eastern Europe, and Central Asia",2013,0.110060051
"Central Europe, Eastern Europe, and Central Asia",2014,0.108101066
"Central Europe, Eastern Europe, and Central Asia",2015,0.109916046
"Central Europe, Eastern Europe, and Central Asia",2016,0.111159866
Central Latin America,2007,1.558664935
Central Latin America,2008,1.577643544
Central Latin America,2009,1.603598981
Central Latin America,2010,1.604524901
Central Latin America,2011,1.620590022
Central Latin America,2012,1.620249075
Central Latin America,2013,1.612274127
Central Latin America,2014,1.599767728
Central Latin America,2015,1.599463681
Central Latin America,2016,1.60201261
Central Sub-Saharan Africa,2009,0.075552181
Central Sub-Saharan Africa,2010,0.016968121
Central Sub-Saharan Africa,2011,0.078993992
Central Sub-Saharan Africa,2012,0.080075385
Central Sub-Saharan Africa,2013,0.080655382
Central Sub-Saharan Africa,2014,0.083036064
Central Sub-Saharan Africa,2015,0.086308781
Central Sub-Saharan Africa,2016,0.087401407
Chad,2009,0.120925178
Chad,2010,0.124753275
Chad,2011,0.126107847
Chad,2012,0.128006993
Chad,2013,0.129395587
Chad,2014,0.130971773
Chad,2015,0.131845457
Chad,2016,0.135333827
Chiapas,2009,0.392181002
Chiapas,2010,0.519951408
Chiapas,2011,0.532126427
Chiapas,2012,0.534499402
Chiapas,2013,0.535219094
Chiapas,2014,0.525380784
Chiapas,2015,0.534464545
Chiapas,2016,0.546500417
Chiba,2008,0.028708151
Chiba,2009,0.028672523
Chiba,2010,0.028623215
Chiba,2011,0.027860118
Chiba,2012,0.028422714
Chiba,2013,0.028618623
Chiba,2014,0.028629314
Chiba,2015,0.028734205
Chiba,2016,0.028826834
Chihuahua,2009,2.014274641
Chihuahua,2010,2.142504699
Chihuahua,2011,2.17575011
Chihuahua,2012,2.128622481
Chihuahua,2013,2.039702556
Chihuahua,2014,1.927182925
Chihuahua,2015,1.837844006
Chihuahua,2016,1.801183863
Chile,2009,0.355178362
Chile,2010,0.345579292
Chile,2011,0.364588851
Chile,2012,0.366499039
Chile,2013,0.372031747
Chile,2014,0.383157317
Chile,2015,0.373357413
Chile,2016,0.378525579
China,2008,0.010605367
China,2009,0.011163045
China,2010,0.015676813
China,2011,0.015778129
China,2012,0.015852406
China,2013,0.01582129
China,2014,0.015884011
China,2015,0.016116018
China,2016,0.016309973
Coahuila,2009,0.119676959
Coahuila,2010,1.049175072
Coahuila,2011,1.148906695
Coahuila,2012,1.180786385
Coahuila,2013,1.153789589
Coahuila,2014,1.095105175
Coahuila,2015,1.05798483
Coahuila,2016,1.070528225
Colima,2009,0.124663706
Colima,2010,0.971160377
Colima,2011,1.019171482
Colima,2012,1.069353709
Colima,2013,1.08025024
Colima,2014,1.051443962
Colima,2015,1.078076028
Colima,2016,1.072493459
Colombia,2008,2.321021117
Colombia,2009,2.442962115
Colombia,2010,2.41081393
Colombia,2011,2.423927964
Colombia,2012,2.407151784
Colombia,2013,2.387962779
Colombia,2014,2.408045792
Colombia,2015,2.419785253
Colombia,2016,2.435713585
Comoros,2008,0.069146662
Comoros,2009,0.015502655
Comoros,2010,0.121332804
Comoros,2011,0.112871004
Comoros,2012,0.122464158
Comoros,2013,0.124220639
Comoros,2014,0.129956199
Comoros,2015,0.131884388
Comoros,2016,0.133490641
Congo,2009,0.052296083
Congo,2010,0.06326116
Congo,2011,0.06265653
Congo,2012,0.064909302
Congo,2013,0.067545704
Congo,2014,0.068939424
Congo,2015,0.069795914
Congo,2016,0.071472614
Costa Rica,2008,0.020955062
Costa Rica,2009,0.73081125
Costa Rica,2010,0.74545326
Costa Rica,2011,0.75277589
Costa Rica,2012,0.748315655
Costa Rica,2013,0.757812268
Costa Rica,2014,0.759562292
Costa Rica,2015,0.751938466
Costa Rica,2016,0.743428752
Cote d'Ivoire,2008,0.086947903
Cote d'Ivoire,2009,0.088459271
Cote d'Ivoire,2010,0.090125815
Cote d'Ivoire,2011,0.092930198
Cote d'Ivoire,2012,0.094638444
Cote d'Ivoire,2013,0.09936393
Cote d'Ivoire,2014,0.100457481
Cote d'Ivoire,2015,0.10184489
Cote d'Ivoire,2016,0.104552865
Croatia,2008,0.346581483
Croatia,2009,0.343812459
Croatia,2010,0.337836443
Croatia,2011,0.337125927
Croatia,2012,0.339028866
Croatia,2013,0.341238602
Croatia,2014,0.342222563
Croatia,2015,0.342803517
Croatia,2016,0.343131937
Cuba,2009,0.174932212
Cuba,2010,0.173716039
Cuba,2011,0.172498436
Cuba,2012,0.174212257
Cuba,2013,0.170357622
Cuba,2014,0.167390372
Cuba,2015,0.170039393
Cuba,2016,0.170425792
Cyprus,2008,0.27219287
Cyprus,2009,0.036705102
Cyprus,2010,0.277466057
Cyprus,2011,0.269788379
Cyprus,2012,0.279915232
Cyprus,2013,0.282597363
Cyprus,2014,0.278459377
Cyprus,2015,0.278128603
Cyprus,2016,0.277550371
Czech Republic,2008,0.208559851
Czech Republic,2009,0.203335712
Czech Republic,2010,0.200951316
Czech Republic,2011,0.201273638
Czech Republic,2012,0.200420633
Czech Republic,2013,0.19772995
Czech Republic,2014,0.195997762
Czech Republic,2015,0.193419665
Czech Republic,2016,0.194836096
Democratic Republic of the Congo,2009,0.015945873
Democratic Republic of the Congo,2010,0.078481862
Democratic Republic of the Congo,2011,0.07995922
Democratic Republic of the Congo,2012,0.081303902
Democratic Republic of the Congo,2013,0.083087129
Democratic Republic of the Congo,2014,0.08608851
Democratic Republic of the Congo,2015,0.089123
Democratic Republic of the Congo,2016,0.0907575
Denmark,2008,0.018893942
Denmark,2009,0.208492096
Denmark,2010,0.208184059
Denmark,2011,0.206341242
Denmark,2012,0.198877382
Denmark,2013,0.20102927
Denmark,2014,0.205434593
Denmark,2015,0.203877957
Denmark,2016,0.203961375
Distrito Federal,2008,0.876835212
Distrito Federal,2009,0.898266091
Distrito Federal,2010,0.902760764
Distrito Federal,2011,0.936041493
Distrito Federal,2012,0.951131365
Distrito Federal,2013,0.971576045
Distrito Federal,2014,0.976449957
Distrito Federal,2015,0.980644924
Distrito Federal,2016,0.994239978
Djibouti,2009,0.085393465
Djibouti,2010,0.087130278
Djibouti,2011,0.089014082
Djibouti,2012,0.091130647
Djibouti,2013,0.093176988
Djibouti,2014,0.094762186
Djibouti,2015,0.095373913
Djibouti,2016,0.099451244
Dominica,2008,0.318858043
Dominica,2009,0.335233359
Dominica,2010,0.321334334
Dominica,2011,0.337596397
Dominica,2012,0.338651177
Dominica,2013,0.346916844
Dominica,2014,0.343038239
Dominica,2015,0.266276044
Dominica,2016,0.348014584
Dominican Republic,2009,0.854475855
Dominican Republic,2010,0.86870919
Dominican Republic,2011,0.872573912
Dominican Republic,2012,0.883574801
Dominican Republic,2013,0.893944033
Dominican Republic,2014,0.900747661
Dominican Republic,2015,0.910342043
Dominican Republic,2016,0.923309931
Durango,2008,1.476573952
Durango,2009,1.610858367
Durango,2010,1.684747553
Durango,2011,1.718518747
Durango,2012,1.695006655
Durango,2013,1.61703604
Durango,2014,1.524711052
Durango,2015,1.463255648
Durango,2016,1.4453165
East Asia,2009,0.004948195
East Asia,2010,0.01622828
East Asia,2011,0.016333188
East Asia,2012,0.016419167
East Asia,2013,0.016394376
East Asia,2014,0.016472479
East Asia,2015,0.016705917
East Asia,2016,0.01689088
East Midlands,2009,0.011183911
East Midlands,2010,0.050984557
East Midlands,2011,0.049846514
East Midlands,2012,0.049286516
East Midlands,2013,0.048856666
East Midlands,2014,0.048508673
East Midlands,2015,0.048583698
East Midlands,2016,0.049011183
East of England,2009,0.059811797
East of England,2010,0.058867332
East of England,2011,0.057728259
East of England,2012,0.056379513
East of England,2013,0.055903492
East of England,2014,0.055512273
East of England,2015,0.0554629
East of England,2016,0.056094554
Eastern Europe,2009,0.122854955
Eastern Europe,2010,0.120670637
Eastern Europe,2011,0.117191804
Eastern Europe,2012,0.115065126
Eastern Europe,2013,0.113370212
Eastern Europe,2014,0.110561247
Eastern Europe,2015,0.112793224
Eastern Europe,2016,0.113928124
Eastern Sub-Saharan Africa,2009,0.073933574
Eastern Sub-Saharan Africa,2010,0.075972602
Eastern Sub-Saharan Africa,2011,0.077747418
Eastern Sub-Saharan Africa,2012,0.07969466
Eastern Sub-Saharan Africa,2013,0.082165573
Eastern Sub-Saharan Africa,2014,0.084945995
Eastern Sub-Saharan Africa,2015,0.087879266
Eastern Sub-Saharan Africa,2016,0.090604692
Ecuador,2008,0.907177895
Ecuador,2009,0.889807668
Ecuador,2010,0.867821781
Ecuador,2011,0.83846292
Ecuador,2012,0.800635124
Ecuador,2013,0.766322429
Ecuador,2014,0.744544363
Ecuador,2015,0.762303083
Ecuador,2016,0.724193837
Egypt,2008,0.052727468
Egypt,2009,0.054288493
Egypt,2010,0.053744764
Egypt,2011,0.054363815
Egypt,2012,0.053739589
Egypt,2013,0.053775191
Egypt,2014,0.053086206
Egypt,2015,0.050897371
Egypt,2016,0.051879761
Ehime,2007,0.001158682
Ehime,2008,0.028898597
Ehime,2009,0.028998863
Ehime,2010,0.029207601
Ehime,2011,0.028981784
Ehime,2012,0.028926282
Ehime,2013,0.029185799
Ehime,2014,0.028961574
Ehime,2015,0.029158512
Ehime,2016,0.029248616
El Salvador,2009,2.258897493
El Salvador,2010,2.288473106
El Salvador,2011,2.265760988
El Salvador,2012,2.23134749
El Salvador,2013,2.217751671
El Salvador,2014,2.204885846
El Salvador,2015,2.188387508
El Salvador,2016,2.192135649
England,2009,0.050905815
England,2010,0.049942293
England,2011,0.048902922
England,2012,0.047905558
England,2013,0.047523361
England,2014,0.047308631
England,2015,0.047329065
England,2016,0.047731164
Equatorial Guinea,2008,0.052706898
Equatorial Guinea,2009,0.054961451
Equatorial Guinea,2010,0.051862356
Equatorial Guinea,2011,0.049144616
Equatorial Guinea,2012,0.04908005
Equatorial Guinea,2013,0.049800294
Equatorial Guinea,2014,0.053699308
Equatorial Guinea,2015,0.054218902
Equatorial Guinea,2016,0.054766279
Eritrea,2009,0.110029024
Eritrea,2010,0.111013662
Eritrea,2011,0.113646843
Eritrea,2012,0.115964849
Eritrea,2013,0.117120075
Eritrea,2014,0.11995937
Eritrea,2015,0.122307289
Eritrea,2016,0.124297177
Estonia,2009,0.192365331
Estonia,2010,0.194705008
Estonia,2011,0.190847759
Estonia,2012,0.188427566
Estonia,2013,0.179122279
Estonia,2014,0.175588194
Estonia,2015,0.17769779
Estonia,2016,0.178358287
Ethiopia,2009,0.095976215
Ethiopia,2010,0.124324448
Ethiopia,2011,0.128090984
Ethiopia,2012,0.130559568
Ethiopia,2013,0.132606099
Ethiopia,2014,0.136478392
Ethiopia,2015,0.13931519
Ethiopia,2016,0.140599226
Federated States of Micronesia,2008,0.109566282
Federated States of Micronesia,2009,0.135646164
Federated States of Micronesia,2010,0.13463369
Federated States of Micronesia,2011,0.133990416
Federated States of Micronesia,2012,0.132306268
Federated States of Micronesia,2013,0.131878423
Federated States of Micronesia,2014,0.130643641
Federated States of Micronesia,2015,0.132665563
Federated States of Micronesia,2016,0.132503936
Fiji,2009,0.026713822
Fiji,2010,0.027098384
Fiji,2011,0.027307631
Fiji,2012,0.027245067
Fiji,2013,0.027623273
Fiji,2014,0.027849831
Fiji,2015,0.028008175
Fiji,2016,0.028117258
Finland,2008,0.434407526
Finland,2009,0.432431112
Finland,2010,0.427171523
Finland,2011,0.41572184
Finland,2012,0.409623276
Finland,2013,0.406221573
Finland,2014,0.398043924
Finland,2015,0.405075932
Finland,2016,0.409723054
France,2008,0.295252613
France,2009,0.347324071
France,2010,0.344160908
France,2011,0.344785135
France,2012,0.34919364
France,2013,0.34971203
France,2014,0.350153438
France,2015,0.346063823
France,2016,0.350299881
Fukui,2007,0.019104131
Fukui,2008,0.019170698
Fukui,2009,0.025711644
Fukui,2010,0.02559076
Fukui,2011,0.025303987
Fukui,2012,0.025287494
Fukui,2013,0.025523
Fukui,2014,0.025512531
Fukui,2015,0.025514994
Fukui,2016,0.025544542
Fukuoka,2008,0.000401945
Fukuoka,2009,0.028780329
Fukuoka,2010,0.028867056
Fukuoka,2011,0.028705266
Fukuoka,2012,0.028687588
Fukuoka,2013,0.029253023
Fukuoka,2014,0.029101691
Fukuoka,2015,0.029030095
Fukuoka,2016,0.028995309
Fukushima,2008,0.028535652
Fukushima,2009,0.028704323
Fukushima,2010,0.028675566
Fukushima,2011,0.013518947
Fukushima,2012,0.028413928
Fukushima,2013,0.028852931
Fukushima,2014,0.028746492
Fukushima,2015,0.028730086
Fukushima,2016,0.028710599
Gabon,2009,0.074075454
Gabon,2011,0.0745959
Gabon,2012,0.076379701
Gabon,2013,0.077971413
Gabon,2014,0.082310341
Gabon,2015,0.08585436
Gabon,2016,0.088251314
Georgia,2009,0.255006525
Georgia,2010,0.254235934
Georgia,2011,0.24584059
Georgia,2012,0.227761996
Georgia,2013,0.236639578
Georgia,2014,0.233204302
Georgia,2015,0.238637843
Georgia,2016,0.243251152
Germany,2009,0.103784835
Germany,2010,0.118668048
Germany,2011,0.116436855
Germany,2012,0.115281391
Germany,2013,0.114786526
Germany,2014,0.113228437
Germany,2015,0.114425737
Germany,2016,0.114841808
Ghana,2009,0.11559281
Ghana,2010,0.116874314
Ghana,2011,0.120880664
Ghana,2012,0.124340403
Ghana,2013,0.126668919
Ghana,2014,0.128128893
Ghana,2015,0.129783517
Ghana,2016,0.131631491
Gifu,2008,0.026504061
Gifu,2009,0.007036216
Gifu,2010,0.026110833
Gifu,2011,0.025750969
Gifu,2012,0.025937738
Gifu,2013,0.025997722
Gifu,2014,0.025927671
Gifu,2015,0.026046373
Gifu,2016,0.026160974
Global,2009,0.201717275
Global,2010,0.200170692
Global,2011,0.206673847
Global,2012,0.210426714
Global,2013,0.212799237
Global,2014,0.214916672
Global,2015,0.218278813
Global,2016,0.220259913
Greater London,2009,0.044149881
Greater London,2010,0.04325638
Greater London,2011,0.042398535
Greater London,2012,0.041375053
Greater London,2013,0.041178723
Greater London,2014,0.041202614
Greater London,2015,0.041318485
Greater London,2016,0.04154893
Greece,2008,0.194282378
Greece,2009,0.196328223
Greece,2010,0.20117618
Greece,2011,0.205670383
Greece,2012,0.209580377
Greece,2013,0.209580601
Greece,2014,0.202704505
Greece,2015,0.202514562
Greece,2016,0.204155378
Greenland,2009,1.087538722
Greenland,2010,1.097768726
Greenland,2011,1.09553513
Greenland,2012,1.111326019
Greenland,2013,1.119701938
Greenland,2014,1.135816703
Greenland,2015,1.144435089
Greenland,2016,1.151968197
Grenada,2009,0.219678075
Grenada,2010,0.211094512
Grenada,2011,0.200682704
Grenada,2012,0.195289342
Grenada,2013,0.187856047
Grenada,2014,0.179849152
Grenada,2015,0.155771781
Grenada,2016,0.16797288
Guam,2008,0.021462576
Guam,2010,0.197942399
Guam,2011,0.202790639
Guam,2012,0.202770926
Guam,2013,0.200161123
Guam,2014,0.203701174
Guam,2015,0.203163289
Guam,2016,0.202907663
Guanajuato,2008,0.583786809
Guanajuato,2009,0.617467691
Guanajuato,2010,0.643180928
Guanajuato,2011,0.683938614
Guanajuato,2012,0.717982298
Guanajuato,2013,0.748281045
Guanajuato,2014,0.763574385
Guanajuato,2015,0.784912685
Guanajuato,2016,0.788328348
Guatemala,2009,1.729369592
Guatemala,2010,1.731202369
Guatemala,2011,1.735155698
Guatemala,2012,1.729739166
Guatemala,2013,1.720940634
Guatemala,2014,1.70294586
Guatemala,2015,1.683287591
Guatemala,2016,1.66722924
Guerrero,2008,1.685834401
Guerrero,2010,1.917107002
Guerrero,2011,2.035778162
Guerrero,2012,2.085773886
Guerrero,2013,2.076808403
Guerrero,2014,2.043259494
Guerrero,2015,2.066439449
Guerrero,2016,2.039288156
Guinea,2009,0.116744332
Guinea,2010,0.081780013
Guinea,2011,0.122086186
Guinea,2012,0.123160765
Guinea,2013,0.124881707
Guinea,2014,0.117481632
Guinea,2015,0.125202008
Guinea,2016,0.131188861
Guinea-Bissau,2008,0.000433628
Guinea-Bissau,2009,0.142140442
Guinea-Bissau,2010,0.145557096
Guinea-Bissau,2011,0.146299103
Guinea-Bissau,2012,0.146015763
Guinea-Bissau,2013,0.148917162
Guinea-Bissau,2014,0.149195469
Guinea-Bissau,2015,0.151589552
Guinea-Bissau,2016,0.15447834
Gunma,2007,0.030548616
Gunma,2009,0.029947265
Gunma,2010,0.029866666
Gunma,2011,0.029728047
Gunma,2012,0.029789317
Gunma,2013,0.029937091
Gunma,2014,0.02980823
Gunma,2015,0.029875791
Gunma,2016,0.02992243
Guyana,2008,0.049427615
Guyana,2009,0.449721442
Guyana,2010,0.447194091
Guyana,2011,0.429680937
Guyana,2012,0.419407231
Guyana,2013,0.433147156
Guyana,2014,0.437703894
Guyana,2015,0.440407091
Guyana,2016,0.44624086
Haiti,2009,0.219033703
Haiti,2010,0.039268816
Haiti,2011,0.229108037
Haiti,2012,0.237627574
Haiti,2013,0.247403532
Haiti,2014,0.255720905
Haiti,2015,0.26293112
Haiti,2016,0.256572017
Hidalgo,2009,0.589719365
Hidalgo,2010,0.596638795
Hidalgo,2011,0.623444324
Hidalgo,2012,0.627361099
Hidalgo,2013,0.630158134
Hidalgo,2014,0.625584127
Hidalgo,2015,0.62081901
Hidalgo,2016,0.626623608
Hiroshima,2007,0.013584835
Hiroshima,2008,0.021153878
Hiroshima,2009,0.0283471
Hiroshima,2010,0.028155343
Hiroshima,2011,0.027761575
Hiroshima,2012,0.028022122
Hiroshima,2013,0.028432199
Hiroshima,2014,0.028315524
Hiroshima,2015,0.0283266
Hiroshima,2016,0.028326734
Hokkaido,2008,0.020588205
Hokkaido,2009,0.028168682
Hokkaido,2010,0.028140603
Hokkaido,2011,0.027621689
Hokkaido,2012,0.027782406
Hokkaido,2013,0.028076939
Hokkaido,2014,0.027866636
Hokkaido,2015,0.027919989
Hokkaido,2016,0.027986703
Honduras,2008,1.407449836
Honduras,2009,1.484235225
Honduras,2010,1.478725383
Honduras,2011,1.507252469
Honduras,2012,1.47870816
Honduras,2013,1.525427028
Honduras,2014,1.521564577
Honduras,2015,1.522981983
Honduras,2016,1.53008658
Hungary,2009,0.081596732
Hungary,2010,0.082193966
Hungary,2011,0.081254126
Hungary,2012,0.081843661
Hungary,2013,0.078475841
Hungary,2014,0.079073378
Hungary,2015,0.076538238
Hungary,2016,0.077253842
Hyogo,2008,0.007867049
Hyogo,2009,0.027724921
Hyogo,2010,0.027844985
Hyogo,2011,0.027685906
Hyogo,2012,0.027957544
Hyogo,2013,0.028337024
Hyogo,2014,0.028295615
Hyogo,2015,0.02831902
Hyogo,2016,0.028361072
Ibaraki,2008,0.028759368
Ibaraki,2009,0.028357334
Ibaraki,2010,0.028182383
Ibaraki,2011,0.027371734
Ibaraki,2012,0.02802514
Ibaraki,2013,0.028273436
Ibaraki,2014,0.028227895
Ibaraki,2015,0.028265286
Ibaraki,2016,0.028261574
Iceland,2008,0.233731456
Iceland,2009,0.231903967
Iceland,2010,0.229205575
Iceland,2011,0.225769279
Iceland,2012,0.224196277
Iceland,2013,0.221989792
Iceland,2014,0.219935135
Iceland,2015,0.217788696
Iceland,2016,0.211904683
India,2008,0.038176282
India,2009,0.095002111
India,2010,0.095706567
India,2011,0.09586889
India,2012,0.095679131
India,2013,0.096424876
India,2014,0.097476754
India,2015,0.098049441
India,2016,0.098672395
Indonesia,2009,0.022304042
Indonesia,2010,0.022224231
Indonesia,2011,0.022118938
Indonesia,2012,0.021792373
Indonesia,2013,0.02154407
Indonesia,2014,0.021359105
Indonesia,2015,0.021494601
Indonesia,2016,0.021572859
Iran,2008,0.101160058
Iran,2009,0.104202354
Iran,2010,0.103262106
Iran,2011,0.099662327
Iran,2012,0.101415338
Iran,2013,0.110697117
Iran,2014,0.115470266
Iran,2015,0.114346312
Iran,2016,0.114085855
Iraq,2008,0.142880806
Iraq,2009,0.228244676
Iraq,2010,0.49982061
Iraq,2011,0.505072846
Iraq,2012,0.494616118
Iraq,2013,0.443446862
Iraq,2014,0.373528315
Iraq,2015,0.385156158
Iraq,2016,0.373682055
Ireland,2010,0.135982777
Ireland,2011,0.132001781
Ireland,2012,0.133107557
Ireland,2013,0.133269695
Ireland,2014,0.131035875
Ireland,2015,0.129825658
Ireland,2016,0.12879431
Ishikawa,2007,0.026948481
Ishikawa,2009,0.026854597
Ishikawa,2010,0.026577809
Ishikawa,2011,0.025937471
Ishikawa,2012,0.026322111
Ishikawa,2013,0.026865188
Ishikawa,2014,0.026778826
Ishikawa,2015,0.026718728
Ishikawa,2016,0.026688378
Israel,2009,0.39845147
Israel,2010,0.486684982
Israel,2011,0.489154229
Israel,2012,0.47443897
Israel,2013,0.462293405
Israel,2014,0.28734129
Israel,2015,0.453619645
Israel,2016,0.47311078
Italy,2008,0.19020598
Italy,2010,0.21945326
Italy,2011,0.218219728
Italy,2012,0.219689058
Italy,2013,0.216272741
Italy,2014,0.21858717
Italy,2015,0.219858467
Italy,2016,0.21770154
Iwate,2008,0.028549901
Iwate,2009,0.028783607
Iwate,2010,0.02857074
Iwate,2011,0.00649097
Iwate,2012,0.028987925
Iwate,2013,0.029236766
Iwate,2014,0.028916852
Iwate,2015,0.02893541
Iwate,2016,0.028826576
Jalisco,2009,0.758512302
Jalisco,2010,0.849207987
Jalisco,2011,0.905469223
Jalisco,2012,0.934008166
Jalisco,2013,0.9421582
Jalisco,2014,0.92626816
Jalisco,2015,0.93083072
Jalisco,2016,0.936184572
Jamaica,2009,0.148306421
Jamaica,2010,1.70574108
Jamaica,2011,1.762569985
Jamaica,2012,1.746818609
Jamaica,2013,1.72983104
Jamaica,2014,1.709053883
Jamaica,2015,1.68725201
Jamaica,2016,1.657806381
Japan,2009,0.007738767
Japan,2010,0.028233422
Japan,2011,0.021944486
Japan,2012,0.028112019
Japan,2013,0.028478719
Japan,2014,0.028419497
Japan,2015,0.028438685
Japan,2016,0.028472543
Jordan,2008,0.28733736
Jordan,2009,0.337320802
Jordan,2010,0.339885522
Jordan,2011,0.344028623
Jordan,2012,0.343700272
Jordan,2013,0.343383155
Jordan,2014,0.342791702
Jordan,2015,0.342179151
Jordan,2016,0.271815537
Kochi,2008,0.026901628
Kochi,2009,0.034483641
Kochi,2010,0.034403826
Kochi,2011,0.033962636
Kochi,2012,0.034312723
Kochi,2013,0.034682237
Kochi,2014,0.034477007
Kochi,2015,0.034400061
Kochi,2016,0.034346371
Kagawa,2008,0.029051469
Kagawa,2009,0.029032147
Kagawa,2010,0.029055392
Kagawa,2011,0.028774239
Kagawa,2012,0.028969041
Kagawa,2013,0.02940423
Kagawa,2014,0.028931493
Kagawa,2015,0.028967989
Kagawa,2016,0.028874822
Kagoshima,2008,0.029382264
Kagoshima,2009,0.029382734
Kagoshima,2010,0.0290529
Kagoshima,2011,0.028712561
Kagoshima,2012,0.028962454
Kagoshima,2013,0.029365302
Kagoshima,2014,0.029257331
Kagoshima,2015,0.029221997
Kagoshima,2016,0.029184848
Kanagawa,2009,0.029851886
Kanagawa,2010,0.029996248
Kanagawa,2011,0.029457008
Kanagawa,2012,0.030014866
Kanagawa,2013,0.030422835
Kanagawa,2014,0.030315746
Kanagawa,2015,0.030404518
Kanagawa,2016,0.030447702
Kazakhstan,2008,0.091587606
Kazakhstan,2009,0.124917108
Kazakhstan,2010,0.120083584
Kazakhstan,2011,0.117225203
Kazakhstan,2012,0.113894209
Kazakhstan,2013,0.113204332
Kazakhstan,2014,0.110515673
Kazakhstan,2015,0.112808641
Kazakhstan,2016,0.114373906
Kenya,2009,0.073708797
Kenya,2010,0.077083303
Kenya,2011,0.081129606
Kenya,2012,0.084748667
Kenya,2013,0.086298273
Kenya,2014,0.088503863
Kenya,2015,0.091436
Kenya,2016,0.094840492
Kiribati,2008,0.020680129
Kiribati,2009,0.038375628
Kiribati,2010,0.038585593
Kiribati,2011,0.038671201
Kiribati,2012,0.038796527
Kiribati,2013,0.0391183
Kiribati,2014,0.039372504
Kiribati,2015,0.039551209
Kiribati,2016,0.039830449
Kumamoto,2007,0.029301204
Kumamoto,2008,0.028730222
Kumamoto,2009,0.028609204
Kumamoto,2010,0.028552893
Kumamoto,2011,0.028054648
Kumamoto,2012,0.027189443
Kumamoto,2013,0.028211502
Kumamoto,2014,0.028195461
Kumamoto,2015,0.028297358
Kumamoto,2016,0.028386742
Kuwait,2008,0.08659666
Kuwait,2009,0.076238718
Kuwait,2010,0.082774511
Kuwait,2011,0.084611241
Kuwait,2012,0.079384833
Kuwait,2013,0.078972314
Kuwait,2014,0.079343088
Kuwait,2015,0.077356116
Kuwait,2016,0.07720518
Ky?to,2008,0.008090922
Ky?to,2009,0.03048475
Ky?to,2010,0.030538636
Ky?to,2011,0.030158468
Ky?to,2012,0.030593972
Ky?to,2013,0.031220521
Ky?to,2014,0.031035316
Ky?to,2015,0.030922513
Ky?to,2016,0.030879625
Kyrgyzstan,2009,0.09247717
Kyrgyzstan,2010,0.086558678
Kyrgyzstan,2011,0.089827378
Kyrgyzstan,2012,0.089407084
Kyrgyzstan,2013,0.08922174
Kyrgyzstan,2014,0.092113196
Kyrgyzstan,2015,0.091593636
Kyrgyzstan,2016,0.091738022
Laos,2008,0.02236587
Laos,2009,0.055737625
Laos,2010,0.055447042
Laos,2011,0.054711298
Laos,2012,0.054816703
Laos,2013,0.054388253
Laos,2014,0.054583773
Laos,2015,0.05450736
Laos,2016,0.054492933
Latin America and Caribbean,2009,1.360493835
Latin America and Caribbean,2010,1.057169852
Latin America and Caribbean,2011,1.372447612
Latin America and Caribbean,2012,1.382770647
Latin America and Caribbean,2013,1.385715985
Latin America and Caribbean,2014,1.390985504
Latin America and Caribbean,2015,1.398593689
Latin America and Caribbean,2016,1.394088199
Latvia,2008,0.126471046
Latvia,2009,0.123623329
Latvia,2010,0.122953888
Latvia,2011,0.122628616
Latvia,2012,0.120541034
Latvia,2013,0.115462891
Latvia,2014,0.118245975
Latvia,2015,0.118671266
Latvia,2016,0.118845664
Lebanon,2009,0.263067892
Lebanon,2010,0.265837522
Lebanon,2011,0.164198114
Lebanon,2012,0.273662413
Lebanon,2013,0.226610771
Lebanon,2014,0.233689211
Lebanon,2015,0.236590053
Lebanon,2016,0.237130614
Lesotho,2008,0.090699451
Lesotho,2009,0.091481477
Lesotho,2010,0.093891598
Lesotho,2011,0.095080789
Lesotho,2012,0.095000071
Lesotho,2013,0.095743747
Lesotho,2014,0.096300318
Lesotho,2015,0.097386542
Lesotho,2016,0.098510999
Liberia,2009,0.116540599
Liberia,2010,0.118794257
Liberia,2011,0.122871331
Liberia,2012,0.127182001
Liberia,2013,0.13042618
Liberia,2014,0.084679657
Liberia,2015,0.13458631
Liberia,2016,0.138752523
Libya,2008,0.048452963
Libya,2009,0.132328649
Libya,2010,0.135241061
Libya,2011,0.023853762
Libya,2012,0.111373353
Libya,2013,0.130183929
Libya,2014,0.084007142
Libya,2015,0.080826437
Libya,2016,0.103148126
Lithuania,2010,0.114777876
Lithuania,2011,0.112370236
Lithuania,2012,0.110646987
Lithuania,2013,0.112278841
Lithuania,2014,0.111548036
Lithuania,2015,0.113004544
Lithuania,2016,0.112747982
Low-middle SDI,2008,0.115575366
Low-middle SDI,2009,0.122780836
Low-middle SDI,2010,0.125550163
Low-middle SDI,2011,0.127558342
Low-middle SDI,2012,0.127697741
Low-middle SDI,2013,0.129736272
Low-middle SDI,2014,0.130851163
Low-middle SDI,2015,0.133270441
Low-middle SDI,2016,0.134626102
Low SDI,2007,0.097762294
Low SDI,2008,0.099863535
Low SDI,2009,0.101381703
Low SDI,2010,0.093548939
Low SDI,2011,0.104642783
Low SDI,2012,0.106681808
Low SDI,2013,0.110478139
Low SDI,2014,0.111862896
Low SDI,2015,0.114649662
Low SDI,2016,0.116756436
Luxembourg,2009,0.019872399
Luxembourg,2010,0.182025548
Luxembourg,2011,0.198570707
Luxembourg,2012,0.198492222
Luxembourg,2013,0.193804526
Luxembourg,2014,0.192014518
Luxembourg,2015,0.192193256
Luxembourg,2016,0.194206255
México,2009,0.8467212
México,2010,0.882377852
México,2011,0.928201312
México,2012,0.963660475
México,2013,0.99282489
México,2014,0.985945636
México,2015,0.985832963
México,2016,1.004371429
Macedonia,2008,0.311862072
Macedonia,2009,0.30295561
Macedonia,2010,0.30600071
Macedonia,2011,0.302269668
Macedonia,2012,0.298761229
Macedonia,2013,0.291620647
Macedonia,2014,0.293455753
Macedonia,2015,0.290980047
Macedonia,2016,0.294823442
Madagascar,2008,0.060648598
Madagascar,2009,0.060826675
Madagascar,2010,0.06106118
Madagascar,2011,0.06163372
Madagascar,2012,0.061466111
Madagascar,2013,0.061818364
Madagascar,2014,0.061902965
Madagascar,2015,0.062560058
Madagascar,2016,0.063212531
Malawi,2008,0.035839407
Malawi,2009,0.036914729
Malawi,2010,0.029298113
Malawi,2011,0.039154322
Malawi,2012,0.040046296
Malawi,2013,0.040705606
Malawi,2014,0.041300837
Malawi,2015,0.042034947
Malawi,2016,0.042892719
Malaysia,2009,0.096060507
Malaysia,2010,0.09522829
Malaysia,2011,0.094400675
Malaysia,2012,0.0936493
Malaysia,2013,0.092070239
Malaysia,2014,0.090907699
Malaysia,2015,0.091339274
Malaysia,2016,0.091030253
Maldives,2010,0.059352916
Maldives,2011,0.061139892
Maldives,2012,0.060937903
Maldives,2013,0.060413872
Maldives,2014,0.060368114
Maldives,2015,0.059945508
Maldives,2016,0.059633679
Mali,2009,0.12078329
Mali,2010,0.122602603
Mali,2011,0.122840315
Mali,2012,0.121492505
Mali,2013,0.119408121
Mali,2014,0.121628957
Mali,2015,0.122278343
Mali,2016,0.125000093
Malta,2008,0.132148239
Malta,2009,0.247760635
Malta,2010,0.242894258
Malta,2011,0.240021512
Malta,2012,0.242242299
Malta,2013,0.242137001
Malta,2014,0.238025686
Malta,2015,0.236587025
Malta,2016,0.233640966
Marshall Islands,2009,0.125507138
Marshall Islands,2010,0.097985879
Marshall Islands,2011,0.124040899
Marshall Islands,2012,0.123598176
Marshall Islands,2013,0.123277161
Marshall Islands,2014,0.12302718
Marshall Islands,2015,0.122784486
Marshall Islands,2016,0.122951077
Mauritania,2008,0.092012068
Mauritania,2009,0.123301814
Mauritania,2010,0.125845413
Mauritania,2011,0.128935853
Mauritania,2012,0.132863498
Mauritania,2013,0.13570836
Mauritania,2014,0.138491834
Mauritania,2015,0.141086615
Mauritania,2016,0.143964871
Mauritius,2008,0.037051628
Mauritius,2009,0.037741103
Mauritius,2010,0.039107859
Mauritius,2011,0.036712493
Mauritius,2012,0.036655009
Mauritius,2013,0.034726662
Mauritius,2014,0.033856903
Mauritius,2015,0.034377892
Mauritius,2016,0.034258939
Mexico,2009,0.890815287
Mexico,2010,1.000083634
Mexico,2011,1.039437283
Mexico,2012,1.043208921
Mexico,2013,1.033545728
Mexico,2014,1.005691549
Mexico,2015,0.997350026
Mexico,2016,0.999097639
Michoacan de Ocampo,2009,1.144855675
Michoacan de Ocampo,2010,1.147791666
Michoacan de Ocampo,2011,1.194513942
Michoacan de Ocampo,2012,1.2079509
Michoacan de Ocampo,2013,1.22651624
Michoacan de Ocampo,2014,1.225583988
Michoacan de Ocampo,2015,1.218127273
Michoacan de Ocampo,2016,1.222656873
Middle SDI,2009,0.293413802
Middle SDI,2010,0.301442828
Middle SDI,2011,0.311790683
Middle SDI,2012,0.322790196
Middle SDI,2013,0.326239923
Middle SDI,2014,0.335167837
Middle SDI,2015,0.340097272
Middle SDI,2016,0.342148554
Mie,2008,0.030937878
Mie,2009,0.030916577
Mie,2010,0.031172111
Mie,2011,0.030499212
Mie,2012,0.031026084
Mie,2013,0.03114327
Mie,2014,0.03092956
Mie,2015,0.030862816
Mie,2016,0.031524992
Miyagi,2008,0.00748396
Miyagi,2009,0.026176822
Miyagi,2010,0.026141531
Miyagi,2011,0.005283276
Miyagi,2012,0.026092241
Miyagi,2013,0.026362387
Miyagi,2014,0.026220224
Miyagi,2015,0.026112525
Miyagi,2016,0.026289164
Miyazaki,2008,0.030185454
Miyazaki,2009,0.030000469
Miyazaki,2010,0.03069901
Miyazaki,2011,0.030673939
Miyazaki,2012,0.03065306
Miyazaki,2013,0.031175207
Miyazaki,2014,0.031108532
Miyazaki,2015,0.031067684
Miyazaki,2016,0.03114285
Moldova,2009,0.026686787
Moldova,2010,0.088888254
Moldova,2011,0.089535116
Moldova,2012,0.086416638
Moldova,2013,0.082781735
Moldova,2014,0.0798634
Moldova,2015,0.078766819
Moldova,2016,0.076622108
Mongolia,2009,0.009221882
Mongolia,2010,0.048250807
Mongolia,2011,0.048910448
Mongolia,2012,0.049085735
Mongolia,2013,0.048877579
Mongolia,2014,0.049174103
Mongolia,2015,0.050748217
Mongolia,2016,0.051258616
Montenegro,2010,0.650107628
Montenegro,2011,0.650364899
Montenegro,2012,0.646601573
Montenegro,2013,0.646286724
Montenegro,2014,0.645950742
Montenegro,2015,0.646030236
Montenegro,2016,0.615341038
Morelos,2009,1.03653739
Morelos,2010,1.113398893
Morelos,2011,1.153372453
Morelos,2012,1.213304447
Morelos,2013,1.222034376
Morelos,2014,1.179775131
Morelos,2015,1.164604115
Morelos,2016,1.162775109
Morocco,2009,0.091460258
Morocco,2010,0.09145378
Morocco,2011,0.091756802
Morocco,2012,0.092541622
Morocco,2013,0.092864346
Morocco,2014,0.093285886
Morocco,2015,0.093611154
Morocco,2016,0.09408548
Mozambique,2008,0.05094378
Mozambique,2009,0.017811125
Mozambique,2010,0.068401777
Mozambique,2011,0.068586307
Mozambique,2012,0.068817316
Mozambique,2013,0.070116666
Mozambique,2014,0.072930819
Mozambique,2015,0.075775139
Mozambique,2016,0.078700927
Myanmar,2009,0.056186147
Myanmar,2010,0.056292148
Myanmar,2011,0.0560132
Myanmar,2012,0.056673093
Myanmar,2013,0.057780101
Myanmar,2014,0.058671226
Myanmar,2015,0.058578761
Myanmar,2016,0.05990022
Nagano,2007,0.007070912
Nagano,2008,0.007938485
Nagano,2009,0.028243379
Nagano,2010,0.027933387
Nagano,2011,0.027265344
Nagano,2012,0.02687304
Nagano,2013,0.027779123
Nagano,2014,0.027751542
Nagano,2015,0.027855061
Nagano,2016,0.027892803
Nagasaki,2007,0.027579649
Nagasaki,2009,0.007004886
Nagasaki,2010,0.026987113
Nagasaki,2011,0.026694505
Nagasaki,2012,0.027216282
Nagasaki,2013,0.027378091
Nagasaki,2014,0.027271978
Nagasaki,2015,0.027177278
Nagasaki,2016,0.027143687
Namibia,2009,0.036908829
Namibia,2010,0.087298243
Namibia,2011,0.090113101
Namibia,2012,0.095600811
Namibia,2013,0.099437194
Namibia,2014,0.102744591
Namibia,2015,0.103869788
Namibia,2016,0.105710726
Nara,2009,0.029899293
Nara,2010,0.029913642
Nara,2011,0.029232798
Nara,2012,0.030097939
Nara,2013,0.030472924
Nara,2014,0.030319094
Nara,2015,0.030413759
Nara,2016,0.030434507
Nayarit,2009,0.139142868
Nayarit,2010,1.192804595
Nayarit,2011,1.233914626
Nayarit,2012,1.207482956
Nayarit,2013,1.181912341
Nayarit,2014,1.133600533
Nayarit,2015,1.112352671
Nayarit,2016,1.131088293
Nepal,2008,0.022693563
Nepal,2009,0.084364671
Nepal,2010,0.083989628
Nepal,2011,0.084547896
Nepal,2012,0.085390782
Nepal,2013,0.085874466
Nepal,2014,0.085958245
Nepal,2015,0.072986864
Nepal,2016,0.087322009
Netherlands,2009,0.120297219
Netherlands,2010,0.118827264
Netherlands,2011,0.120109155
Netherlands,2012,0.120028547
Netherlands,2013,0.116505289
Netherlands,2014,0.111147619
Netherlands,2015,0.115040843
Netherlands,2016,0.116131842
New Zealand,2009,0.161106503
New Zealand,2010,0.15535581
New Zealand,2011,0.143238747
New Zealand,2012,0.155078729
New Zealand,2013,0.155735893
New Zealand,2014,0.156329478
New Zealand,2015,0.156150975
New Zealand,2016,0.155890855
Nicaragua,2008,0.63955278
Nicaragua,2009,0.629723191
Nicaragua,2010,0.608517964
Nicaragua,2011,0.600761855
Nicaragua,2012,0.596689973
Nicaragua,2013,0.594016564
Nicaragua,2014,0.598254399
Nicaragua,2015,0.606748638
Nicaragua,2016,0.612421886
Niger,2008,0.049484834
Niger,2009,0.129990537
Niger,2010,0.133095144
Niger,2011,0.135607242
Niger,2012,0.138596074
Niger,2013,0.142203413
Niger,2014,0.145008193
Niger,2015,0.145682762
Niger,2016,0.148268293
Nigeria,2008,0.051711751
Nigeria,2009,0.052850625
Nigeria,2010,0.053568868
Nigeria,2011,0.053492486
Nigeria,2012,0.053729434
Nigeria,2013,0.054090231
Nigeria,2014,0.053337534
Nigeria,2015,0.055793992
Nigeria,2016,0.05797202
Niigata,2008,0.025346204
Niigata,2009,0.025264015
Niigata,2010,0.025045021
Niigata,2011,0.024737107
Niigata,2012,0.025129335
Niigata,2013,0.025002306
Niigata,2014,0.024853092
Niigata,2015,0.024803537
Niigata,2016,0.024973644
North Africa and Middle East,2008,0.205893638
North Africa and Middle East,2009,0.415269229
North Africa and Middle East,2010,0.410245417
North Africa and Middle East,2011,0.372919778
North Africa and Middle East,2012,0.36860412
North Africa and Middle East,2013,0.380553643
North Africa and Middle East,2014,0.367304396
North Africa and Middle East,2015,0.365815723
North Africa and Middle East,2016,0.361844181
North East England,2009,0.044787509
North East England,2010,0.044336812
North East England,2011,0.043380815
North East England,2012,0.042565241
North East England,2013,0.04225977
North East England,2014,0.042204666
North East England,2015,0.042252913
North East England,2016,0.042557114
North Korea,2009,0.028060771
North Korea,2010,0.027794042
North Korea,2011,0.027653948
North Korea,2012,0.027401854
North Korea,2013,0.027337754
North Korea,2014,0.027264855
North Korea,2015,0.027164039
North Korea,2016,0.026744836
North West England,2009,0.042215178
North West England,2010,0.041368759
North West England,2011,0.040692554
North West England,2012,0.040096777
North West England,2013,0.039687401
North West England,2014,0.039381003
North West England,2015,0.039040928
North West England,2016,0.039329532
Northern Ireland,2009,0.203956627
Northern Ireland,2010,0.203337556
Northern Ireland,2011,0.203380745
Northern Ireland,2012,0.203381121
Northern Ireland,2013,0.198578576
Northern Ireland,2014,0.200123586
Northern Ireland,2015,0.200710914
Northern Ireland,2016,0.200387265
Northern Mariana Islands,2008,0.109848477
Northern Mariana Islands,2009,0.213091264
Northern Mariana Islands,2010,0.208498754
Northern Mariana Islands,2011,0.209766427
Northern Mariana Islands,2012,0.211327626
Northern Mariana Islands,2013,0.212503844
Northern Mariana Islands,2014,0.213537521
Northern Mariana Islands,2015,0.214855869
Northern Mariana Islands,2016,0.215987853
Norway,2009,0.279934675
Norway,2010,0.273352888
Norway,2011,0.274274511
Norway,2012,0.2655975
Norway,2013,0.257897871
Norway,2014,0.248202206
Norway,2015,0.251317481
Norway,2016,0.249935622
Nuevo Leon,2009,0.901550834
Nuevo Leon,2010,1.00446519
Nuevo Leon,2011,1.126513064
Nuevo Leon,2012,1.133429395
Nuevo Leon,2013,1.085647156
Nuevo Leon,2014,1.013792663
Nuevo Leon,2015,0.973612054
Nuevo Leon,2016,0.960755469
Oaxaca,2009,0.92471841
Oaxaca,2010,0.941614789
Oaxaca,2011,0.970165878
Oaxaca,2012,0.984307762
Oaxaca,2013,1.006760725
Oaxaca,2014,1.010392902
Oaxaca,2015,1.022425761
Oaxaca,2016,1.026750387
Oceania,2008,0.122587337
Oceania,2009,0.120602292
Oceania,2010,0.122680834
Oceania,2011,0.123543725
Oceania,2012,0.121947705
Oceania,2013,0.123856022
Oceania,2014,0.12443804
Oceania,2015,0.124920148
Oceania,2016,0.125108334
Okayama,2009,0.028819999
Okayama,2010,0.028647767
Okayama,2011,0.028500742
Okayama,2012,0.028702492
Okayama,2013,0.028643998
Okayama,2014,0.028413029
Okayama,2015,0.028435422
Okayama,2016,0.028441028
Okinawa,2007,0.007487137
Okinawa,2008,0.022046674
Okinawa,2009,0.029194522
Okinawa,2010,0.029081356
Okinawa,2011,0.028882985
Okinawa,2012,0.029280264
Okinawa,2013,0.029952301
Okinawa,2014,0.029582018
Okinawa,2015,0.029429135
Okinawa,2016,0.029237011
Oman,2008,0.020030139
Oman,2009,0.020178612
Oman,2010,0.019978329
Oman,2011,0.020010525
Oman,2012,0.0201831
Oman,2013,0.020254859
Oman,2014,0.020200555
Oman,2015,0.019413205
Oman,2016,0.019469775
Pakistan,2008,0.0001171
Pakistan,2009,0.049345061
Pakistan,2010,0.076510084
Pakistan,2011,0.078220937
Pakistan,2012,0.078510657
Pakistan,2013,0.078993817
Pakistan,2014,0.079135517
Pakistan,2015,0.079708195
Pakistan,2016,0.080700797
Palestine,2009,0.259530507
Palestine,2010,0.32591152
Palestine,2011,0.318905883
Palestine,2012,0.30677248
Palestine,2013,0.314603864
Palestine,2014,0.180245088
Palestine,2015,0.284150967
Palestine,2016,0.278904876
Panama,2009,1.049079258
Panama,2010,1.065172677
Panama,2011,1.105727124
Panama,2012,1.098907519
Panama,2013,1.096347446
Panama,2014,1.08628656
Panama,2015,1.086913254
Panama,2016,1.078019376
Papua New Guinea,2008,0.090871562
Papua New Guinea,2009,0.12827424
Papua New Guinea,2010,0.129215385
Papua New Guinea,2011,0.130090758
Papua New Guinea,2012,0.12828468
Papua New Guinea,2013,0.130746756
Papua New Guinea,2014,0.131892552
Papua New Guinea,2015,0.132274451
Papua New Guinea,2016,0.132453979
Paraguay,2008,0.873823032
Paraguay,2009,0.903814987
Paraguay,2010,0.885423675
Paraguay,2011,0.875612886
Paraguay,2012,0.870387472
Paraguay,2013,0.870951378
Paraguay,2014,0.877815902
Paraguay,2015,0.892937107
Paraguay,2016,0.905299289
Peru,2008,0.35820415
Peru,2009,0.361738294
Peru,2010,0.368764011
Peru,2011,0.374293817
Peru,2012,0.37481891
Peru,2013,0.375867618
Peru,2014,0.376386756
Peru,2015,0.37947792
Peru,2016,0.380459985
Philippines,2008,0.415526886
Philippines,2009,0.403915752
Philippines,2010,0.42138877
Philippines,2011,0.429721302
Philippines,2012,0.433472594
Philippines,2013,0.417709182
Philippines,2014,0.437863154
Philippines,2015,0.441010664
Philippines,2016,0.439169445
Poland,2009,0.043762336
Poland,2010,0.055929735
Poland,2011,0.054838035
Poland,2012,0.05392658
Poland,2013,0.05243826
Poland,2014,0.052004396
Poland,2015,0.051923807
Poland,2016,0.05168631
Portugal,2008,0.053307014
Portugal,2009,0.25830039
Portugal,2010,0.256128317
Portugal,2011,0.253316159
Portugal,2012,0.252951899
Portugal,2013,0.249056144
Portugal,2014,0.245819267
Portugal,2015,0.245646192
Portugal,2016,0.244719607
Puebla,2008,0.566887305
Puebla,2009,0.576999259
Puebla,2010,0.58544402
Puebla,2011,0.603365286
Puebla,2012,0.616848166
Puebla,2013,0.635768083
Puebla,2014,0.637253852
Puebla,2015,0.644291811
Puebla,2016,0.650607831
Puerto Rico,2008,1.867513309
Puerto Rico,2009,1.9236931
Puerto Rico,2010,1.990705355
Puerto Rico,2011,2.033688726
Puerto Rico,2012,2.032510729
Puerto Rico,2013,1.968895003
Puerto Rico,2014,1.938649618
Puerto Rico,2015,1.904372155
Puerto Rico,2016,1.869183249
Qatar,2010,0.044216264
Qatar,2011,0.044949231
Qatar,2012,0.044658339
Qatar,2013,0.045761811
Qatar,2014,0.045065184
Qatar,2015,0.04580741
Qatar,2016,0.046290345
Queretaro,2008,0.449201749
Queretaro,2009,0.461061122
Queretaro,2010,0.474192639
Queretaro,2011,0.489973657
Queretaro,2012,0.499699239
Queretaro,2013,0.507009928
Queretaro,2014,0.50129415
Queretaro,2015,0.509741841
Queretaro,2016,0.520244348
Quintana Roo,2009,0.498598121
Quintana Roo,2010,0.503407183
Quintana Roo,2011,0.519390731
Quintana Roo,2012,0.520586358
Quintana Roo,2013,0.520239785
Quintana Roo,2014,0.511554298
Quintana Roo,2015,0.513019946
Quintana Roo,2016,0.522107192
Romania,2009,0.034964438
Romania,2010,0.035383821
Romania,2011,0.035116454
Romania,2012,0.035038572
Romania,2013,0.034830111
Romania,2014,0.034769231
Romania,2015,0.034577322
Romania,2016,0.034294136
Russia,2008,0.132689741
Russia,2010,0.126610693
Russia,2011,0.122316787
Russia,2012,0.120124909
Russia,2013,0.118091251
Russia,2014,0.116672676
Russia,2015,0.117477614
Russia,2016,0.117761157
Rwanda,2009,0.061861177
Rwanda,2010,0.068271075
Rwanda,2011,0.070801869
Rwanda,2012,0.073085352
Rwanda,2013,0.075984481
Rwanda,2014,0.078745114
Rwanda,2015,0.0814902
Rwanda,2016,0.084000904
Saga,2007,0.006875476
Saga,2008,0.026145235
Saga,2009,0.018229702
Saga,2010,0.025912848
Saga,2011,0.025443363
Saga,2012,0.02567695
Saga,2013,0.025941838
Saga,2014,0.025919179
Saga,2015,0.025900204
Saga,2016,0.025930385
Saint Lucia,2009,0.675507355
Saint Lucia,2010,0.737435319
Saint Lucia,2011,0.792038862
Saint Lucia,2012,0.791288992
Saint Lucia,2013,0.786419452
Saint Lucia,2014,0.789415825
Saint Lucia,2015,0.788927205
Saint Lucia,2016,0.78575125
Saint Vincent and the Grenadines,2008,0.132474408
Saint Vincent and the Grenadines,2009,0.541963602
Saint Vincent and the Grenadines,2010,0.672688482
Saint Vincent and the Grenadines,2011,0.676268337
Saint Vincent and the Grenadines,2012,0.676379535
Saint Vincent and the Grenadines,2013,0.644308757
Saint Vincent and the Grenadines,2014,0.688281232
Saint Vincent and the Grenadines,2015,0.664317158
Saint Vincent and the Grenadines,2016,0.675809868
Saitama,2007,0.007155945
Saitama,2008,0.026618336
Saitama,2009,0.026627765
Saitama,2010,0.026489229
Saitama,2011,0.025903247
Saitama,2012,0.026399368
Saitama,2013,0.02685653
Saitama,2014,0.026793409
Saitama,2015,0.026796636
Saitama,2016,0.026812166
Samoa,2008,0.034488515
Samoa,2009,0.096486711
Samoa,2010,0.147694965
Samoa,2011,0.146706686
Samoa,2012,0.13907426
Samoa,2013,0.146155044
Samoa,2014,0.145454288
Samoa,2015,0.144916144
Samoa,2016,0.144933959
San Luis Potosi,2009,0.711377925
`,2010,0.751270388
San Luis Potosi,2011,0.781549337
San Luis Potosi,2012,0.804220485
San Luis Potosi,2013,0.804418557
San Luis Potosi,2014,0.787792376
San Luis Potosi,2015,0.793199831
San Luis Potosi,2016,0.810936976
Sao Tome and Principe,2008,0.157501793
Sao Tome and Principe,2009,0.238010988
Sao Tome and Principe,2010,0.242462044
Sao Tome and Principe,2011,0.248313285
Sao Tome and Principe,2012,0.258216931
Sao Tome and Principe,2013,0.263102344
Sao Tome and Principe,2014,0.26707003
Sao Tome and Principe,2015,0.27170236
Sao Tome and Principe,2016,0.276527746
Saudi Arabia,2008,0.129272049
Saudi Arabia,2010,0.128687814
Saudi Arabia,2011,0.132180949
Saudi Arabia,2012,0.131354163
Saudi Arabia,2013,0.12581472
Saudi Arabia,2014,0.122947951
Saudi Arabia,2015,0.107618173
Saudi Arabia,2016,0.118194799
Scotland,2008,0.041759962
Scotland,2009,0.009907818
Scotland,2010,0.051048786
Scotland,2011,0.050392244
Scotland,2012,0.04993313
Scotland,2013,0.0490431
Scotland,2014,0.049463193
Scotland,2015,0.049477077
Scotland,2016,0.049639145
Senegal,2008,0.042772654
Senegal,2009,0.115225978
Senegal,2010,0.116209928
Senegal,2011,0.118047212
Senegal,2012,0.119759089
Senegal,2013,0.121568056
Senegal,2014,0.122874943
Senegal,2015,0.124169763
Senegal,2016,0.126112795
Serbia,2008,0.434983615
Serbia,2009,0.049070026
Serbia,2010,0.375082235
Serbia,2011,0.416255662
Serbia,2012,0.414960685
Serbia,2013,0.416002358
Serbia,2014,0.410252853
Serbia,2015,0.419229137
Serbia,2016,0.424428758
Seychelles,2009,0.146329631
Seychelles,2010,0.143476076
Seychelles,2011,0.140856253
Seychelles,2012,0.137923069
Seychelles,2013,0.134929069
Seychelles,2014,0.132867489
Seychelles,2015,0.132228758
Seychelles,2016,0.131637862
Shiga,2008,0.018783445
Shiga,2009,0.025020864
Shiga,2010,0.024753888
Shiga,2011,0.024088551
Shiga,2012,0.024596789
Shiga,2013,0.025134775
Shiga,2014,0.025410238
Shiga,2015,0.02548359
Shiga,2016,0.025541942
Shimane,2008,0.019574342
Shimane,2009,0.027355088
Shimane,2010,0.026900239
Shimane,2011,0.027195629
Shimane,2012,0.027454997
Shimane,2013,0.027618917
Shimane,2014,0.027406502
Shimane,2015,0.027491851
Shimane,2016,0.027534896
Shizuoka,2007,0.007919026
Shizuoka,2009,0.029331361
Shizuoka,2010,0.029254377
Shizuoka,2011,0.028801878
Shizuoka,2012,0.029197815
Shizuoka,2013,0.029565008
Shizuoka,2014,0.029438438
Shizuoka,2015,0.029474916
Shizuoka,2016,0.029530155
Sierra Leone,2007,0.036200965
Sierra Leone,2008,0.044542586
Sierra Leone,2009,0.080526944
Sierra Leone,2010,0.082687995
Sierra Leone,2011,0.081371269
Sierra Leone,2012,0.084829779
Sierra Leone,2013,0.086278071
Sierra Leone,2014,0.057065782
Sierra Leone,2015,0.079218465
Sierra Leone,2016,0.089819308
Sinaloa,2009,1.815127627
Sinaloa,2010,1.922314633
Sinaloa,2011,1.9737244
Sinaloa,2012,1.974212212
Sinaloa,2013,1.946086561
Sinaloa,2014,1.878365387
Sinaloa,2015,1.844876221
Sinaloa,2016,1.816289116
Singapore,2009,0.012558642
Singapore,2010,0.035917346
Singapore,2011,0.034776654
Singapore,2012,0.033833894
Singapore,2013,0.033869091
Singapore,2014,0.034758699
Singapore,2015,0.035556436
Singapore,2016,0.035253054
Slovakia,2008,0.067216641
Slovakia,2009,0.207479591
Slovakia,2010,0.209006058
Slovakia,2011,0.2083
Slovakia,2012,0.209019926
Slovakia,2013,0.206441407
Slovakia,2014,0.206771156
Slovakia,2015,0.206816011
Slovakia,2016,0.206920796
Slovenia,2008,0.199169121
Slovenia,2009,0.242773183
Slovenia,2010,0.254517649
Slovenia,2011,0.261760653
Slovenia,2012,0.25497665
Slovenia,2013,0.25126
Slovenia,2014,0.252652719
Slovenia,2015,0.247131946
Slovenia,2016,0.251982259
Solomon Islands,2008,0.098920163
Solomon Islands,2009,0.135245336
Solomon Islands,2010,0.137259362
Solomon Islands,2011,0.136864019
Solomon Islands,2012,0.136190114
Solomon Islands,2013,0.135528568
Solomon Islands,2014,0.131233307
Solomon Islands,2015,0.136947018
Solomon Islands,2016,0.137347597
Somalia,2009,0.084410676
Somalia,2010,0.081739609
Somalia,2011,0.084157975
Somalia,2012,0.086485913
Somalia,2013,0.092624391
Somalia,2014,0.093473753
Somalia,2015,0.09503488
Somalia,2016,0.091108352
Sonora,2009,0.998352743
Sonora,2010,1.040145024
Sonora,2011,1.058414604
Sonora,2012,1.073751488
Sonora,2013,1.089565303
Sonora,2014,1.081509287
Sonora,2015,1.073136348
Sonora,2016,1.079008295
South Africa,2009,0.135538618
South Africa,2010,0.135589168
South Africa,2011,0.136248895
South Africa,2012,0.138448198
South Africa,2013,0.143707635
South Africa,2014,0.149796099
South Africa,2015,0.155836583
South Africa,2016,0.158914358
South Asia,2008,0.00534552
South Asia,2009,0.175718814
South Asia,2010,0.181994122
South Asia,2011,0.182535074
South Asia,2012,0.182102498
South Asia,2013,0.183235768
South Asia,2014,0.184916442
South Asia,2015,0.185459924
South Asia,2016,0.187080282
South East England,2008,0.010761804
South East England,2009,0.047773715
South East England,2010,0.056445594
South East England,2011,0.055158403
South East England,2012,0.053976991
South East England,2013,0.053302625
South East England,2014,0.05292276
South East England,2015,0.053281337
South East England,2016,0.053715458
South Korea,2009,0.012149127
South Korea,2010,0.035012877
South Korea,2011,0.035451923
South Korea,2012,0.03581138
South Korea,2013,0.035913011
South Korea,2014,0.035259018
South Korea,2015,0.035381586
South Korea,2016,0.035007023
South Sudan,2009,0.06867286
South Sudan,2010,0.071865827
South Sudan,2011,0.068166894
South Sudan,2012,0.070519779
South Sudan,2013,0.070814444
South Sudan,2014,0.07134504
South Sudan,2015,0.071297198
South Sudan,2016,0.077847173
South West England,2008,0.050911814
South West England,2009,0.060905134
South West England,2010,0.059690739
South West England,2011,0.058137978
South West England,2012,0.056832781
South West England,2013,0.056016148
South West England,2014,0.055764241
South West England,2015,0.05626467
South West England,2016,0.056813405
Southeast Asia,2008,8.18E-05
Southeast Asia,2009,0.130807677
Southeast Asia,2010,0.133452709
Southeast Asia,2011,0.13756644
Southeast Asia,2012,0.139478289
Southeast Asia,2013,0.138530387
Southeast Asia,2014,0.140720697
Southeast Asia,2015,0.142321623
Southeast Asia,2016,0.143806156
"Southeast Asia, East Asia, and Oceania",2008,0.007784388
"Southeast Asia, East Asia, and Oceania",2009,0.05607779
"Southeast Asia, East Asia, and Oceania",2010,0.065834957
"Southeast Asia, East Asia, and Oceania",2011,0.068472326
"Southeast Asia, East Asia, and Oceania",2012,0.070814803
"Southeast Asia, East Asia, and Oceania",2013,0.071274598
"Southeast Asia, East Asia, and Oceania",2014,0.073043398
"Southeast Asia, East Asia, and Oceania",2015,0.074060577
"Southeast Asia, East Asia, and Oceania",2016,0.0749607
Southern Latin America,2009,0.62015551
Southern Latin America,2010,0.614324978
Southern Latin America,2011,0.623627671
Southern Latin America,2012,0.626041346
Southern Latin America,2013,0.637008561
Southern Latin America,2014,0.647232989
Southern Latin America,2015,0.644450862
Southern Latin America,2016,0.645135777
Southern Sub-Saharan Africa,2008,0.009694607
Southern Sub-Saharan Africa,2009,0.009610651
Southern Sub-Saharan Africa,2010,0.112866219
Southern Sub-Saharan Africa,2011,0.114371744
Southern Sub-Saharan Africa,2012,0.116971909
Southern Sub-Saharan Africa,2013,0.121235682
Southern Sub-Saharan Africa,2014,0.126647154
Southern Sub-Saharan Africa,2015,0.132962039
Southern Sub-Saharan Africa,2016,0.13766782
Spain,2010,0.123196073
Spain,2011,0.12207944
Spain,2012,0.122069325
Spain,2013,0.123746293
Spain,2014,0.122949432
Spain,2015,0.121364534
Spain,2016,0.12086763
Sri Lanka,2008,0.140319964
Sri Lanka,2009,0.125476356
Sri Lanka,2010,0.125402968
Sri Lanka,2011,0.183841674
Sri Lanka,2012,0.184180172
Sri Lanka,2013,0.184752036
Sri Lanka,2014,0.183831771
Sri Lanka,2015,0.188037297
Sri Lanka,2016,0.189551172
Stockholm,2009,0.160537431
Stockholm,2010,0.161737775
Stockholm,2011,0.159368109
Stockholm,2012,0.157304763
Stockholm,2013,0.159405916
Stockholm,2014,0.160398681
Stockholm,2015,0.158677413
Stockholm,2016,0.157284968
Sub-Saharan Africa,2007,0.081093882
Sub-Saharan Africa,2008,0.019928728
Sub-Saharan Africa,2009,0.08205919
Sub-Saharan Africa,2010,0.083823279
Sub-Saharan Africa,2011,0.085220432
Sub-Saharan Africa,2012,0.086962838
Sub-Saharan Africa,2013,0.08911414
Sub-Saharan Africa,2014,0.090715603
Sub-Saharan Africa,2015,0.094534709
Sub-Saharan Africa,2016,0.097483162
Sudan,2009,0.036506975
Sudan,2010,0.098927077
Sudan,2011,0.096296139
Sudan,2012,0.098631239
Sudan,2013,0.0959781
Sudan,2014,0.098681908
Sudan,2015,0.099741971
Sudan,2016,0.097808643
Suriname,2008,0.108919864
Suriname,2009,0.30963611
Suriname,2010,0.102924667
Suriname,2011,0.317626654
Suriname,2012,0.319987958
Suriname,2013,0.321633495
Suriname,2014,0.323940008
Suriname,2015,0.325378182
Suriname,2016,0.327240603
Swaziland,2007,0.013004788
Swaziland,2008,0.064987327
Swaziland,2009,0.065103759
Swaziland,2010,0.065570986
Swaziland,2011,0.067357122
Swaziland,2012,0.069421379
Swaziland,2013,0.071955119
Swaziland,2014,0.074775005
Swaziland,2015,0.079594857
Swaziland,2016,0.083937128
Sweden,2008,0.014128842
Sweden,2009,0.197597616
Sweden,2010,0.209558927
Sweden,2011,0.205657543
Sweden,2012,0.202519539
Sweden,2013,0.203196132
Sweden,2014,0.204279848
Sweden,2015,0.204921695
Sweden,2016,0.204368602
Sweden except Stockholm,2008,0.039836846
Sweden except Stockholm,2009,0.224006212
Sweden except Stockholm,2010,0.222080071
Sweden except Stockholm,2011,0.217896004
Sweden except Stockholm,2012,0.214550458
Sweden except Stockholm,2013,0.21490689
Sweden except Stockholm,2014,0.216099002
Sweden except Stockholm,2015,0.217725348
Sweden except Stockholm,2016,0.217491901
Switzerland,2008,0.506710429
Switzerland,2009,0.527901751
Switzerland,2010,0.506722179
Switzerland,2011,0.496721883
Switzerland,2012,0.491858915
Switzerland,2013,0.496270787
Switzerland,2014,0.49968851
Switzerland,2015,0.502774533
Switzerland,2016,0.505220151
Syria,2008,0.199476786
Syria,2009,0.205340345
Syria,2010,0.210918905
Syria,2011,0.126282863
Syria,2012,0.052523947
Syria,2013,0.052525942
Syria,2014,0.047233955
Syria,2015,0.051411053
Syria,2016,0.050424707
T?ky?,2007,0.008815774
T?ky?,2008,0.028493409
T?ky?,2009,0.028355428
T?ky?,2010,0.028199967
T?ky?,2011,0.027615588
T?ky?,2012,0.028161305
T?ky?,2013,0.028355215
T?ky?,2014,0.028669528
T?ky?,2015,0.02871092
T?ky?,2016,0.028744643
Tabasco,2008,0.423881043
Tabasco,2009,0.44301675
Tabasco,2010,0.456067066
Tabasco,2011,0.477692712
Tabasco,2012,0.479251548
Tabasco,2013,0.49176547
Tabasco,2014,0.486812292
Tabasco,2015,0.497011034
Tabasco,2016,0.493852672
Taiwan,2009,0.033278301
Taiwan,2010,0.033917416
Taiwan,2011,0.03345507
Taiwan,2012,0.033121225
Taiwan,2013,0.033006979
Taiwan,2014,0.03308929
Taiwan,2015,0.033488545
Taiwan,2016,0.033267545
Tajikistan,2008,0.061527249
Tajikistan,2009,0.093288951
Tajikistan,2010,0.090904696
Tajikistan,2011,0.091972872
Tajikistan,2012,0.094338102
Tajikistan,2013,0.095804536
Tajikistan,2014,0.096190014
Tajikistan,2015,0.097218378
Tajikistan,2016,0.098049939
Tamaulipas,2008,0.893139369
Tamaulipas,2009,0.956126415
Tamaulipas,2010,1.076263198
Tamaulipas,2011,1.157080211
Tamaulipas,2012,1.208668928
Tamaulipas,2013,1.188608468
Tamaulipas,2014,1.167584558
Tamaulipas,2015,1.149303188
Tamaulipas,2016,1.155210201
Tanzania,2007,0.048809254
Tanzania,2009,0.059888813
Tanzania,2010,0.053576623
Tanzania,2011,0.063142163
Tanzania,2012,0.065592363
Tanzania,2013,0.069703757
Tanzania,2014,0.072517599
Tanzania,2015,0.076645967
Tanzania,2016,0.081844638
Thailand,2009,0.369664202
Thailand,2010,0.370750015
Thailand,2011,0.375902595
Thailand,2012,0.380974376
Thailand,2013,0.381020167
Thailand,2014,0.381692798
Thailand,2015,0.386403423
Thailand,2016,0.389188148
The Bahamas,2008,0.853341063
The Bahamas,2009,0.905600767
The Bahamas,2010,0.920470485
The Bahamas,2011,0.950951005
The Bahamas,2012,0.971013341
The Bahamas,2013,0.991343953
The Bahamas,2014,0.947815003
The Bahamas,2015,0.875896074
The Bahamas,2016,0.913912093
The Gambia,2009,0.032307146
The Gambia,2010,0.090219649
The Gambia,2011,0.091402145
The Gambia,2012,0.092230386
The Gambia,2013,0.091869569
The Gambia,2014,0.09219622
The Gambia,2015,0.0930415
The Gambia,2016,0.093652548
Timor-Leste,2009,0.089947039
Timor-Leste,2010,0.090405976
Timor-Leste,2011,0.090736114
Timor-Leste,2012,0.091247018
Timor-Leste,2013,0.091539653
Timor-Leste,2014,0.091999591
Timor-Leste,2015,0.092745782
Timor-Leste,2016,0.093662056
Tlaxcala,2009,0.486987536
Tlaxcala,2010,0.49092422
Tlaxcala,2011,0.507725798
Tlaxcala,2012,0.513587427
Tlaxcala,2013,0.530275194
Tlaxcala,2014,0.529018588
Tlaxcala,2015,0.535460732
Tlaxcala,2016,0.54466236
Tochigi,2009,0.029374747
Tochigi,2010,0.029169854
Tochigi,2011,0.028480348
Tochigi,2012,0.02896564
Tochigi,2013,0.029411724
Tochigi,2014,0.029274418
Tochigi,2015,0.029337776
Tochigi,2016,0.029388536
Togo,2008,0.110064094
Togo,2009,0.083465657
Togo,2010,0.116402805
Togo,2011,0.120748271
Togo,2012,0.124512241
Togo,2013,0.128055905
Togo,2014,0.130493881
Togo,2015,0.133286011
Togo,2016,0.136356499
Tokushima,2009,0.032592471
Tokushima,2010,0.032776682
Tokushima,2011,0.032612088
Tokushima,2012,0.032722809
Tokushima,2013,0.033056274
Tokushima,2014,0.032836413
Tokushima,2015,0.032736499
Tokushima,2016,0.032692607
Tonga,2008,0.036974337
Tonga,2009,0.060557933
Tonga,2010,0.024298243
Tonga,2011,0.090153508
Tonga,2012,0.09016748
Tonga,2013,0.090113136
Tonga,2014,0.090096268
Tonga,2015,0.090084235
Tonga,2016,0.090092964
Tottori,2008,0.027653408
Tottori,2009,0.027425897
Tottori,2010,0.027006838
Tottori,2011,0.026612311
Tottori,2012,0.026900717
Tottori,2013,0.027592042
Tottori,2014,0.027431545
Tottori,2015,0.027450038
Tottori,2016,0.027361225
Toyama,2009,0.025629563
Toyama,2010,0.025689545
Toyama,2011,0.025403256
Toyama,2012,0.025799793
Toyama,2013,0.026735227
Toyama,2014,0.026459291
Toyama,2015,0.02634184
Toyama,2016,0.026260708
Trinidad and Tobago,2008,0.031785495
Trinidad and Tobago,2009,1.007858516
Trinidad and Tobago,2010,1.009350445
Trinidad and Tobago,2011,0.982970886
Trinidad and Tobago,2012,0.956977761
Trinidad and Tobago,2013,0.938557785
Trinidad and Tobago,2014,0.920165693
Trinidad and Tobago,2015,0.902003718
Trinidad and Tobago,2016,0.885086784
Tropical Latin America,2010,1.462541866
Tropical Latin America,2011,1.466253604
Tropical Latin America,2012,1.484985892
Tropical Latin America,2013,1.496310825
Tropical Latin America,2014,1.514776238
Tropical Latin America,2015,1.527915661
Tropical Latin America,2016,1.523157931
Tunisia,2008,0.03510407
Tunisia,2009,0.101892115
Tunisia,2010,0.101341344
Tunisia,2011,0.098588992
Tunisia,2012,0.099803275
Tunisia,2013,0.099396011
Tunisia,2014,0.098964626
Tunisia,2015,0.09709826
Tunisia,2016,0.098852476
Turkey,2008,0.302938342
Turkey,2009,0.489460371
Turkey,2010,0.48694221
Turkey,2011,0.473801892
Turkey,2012,0.487544963
Turkey,2013,0.476233528
Turkey,2014,0.491647066
Turkey,2015,0.480811912
Turkey,2016,0.466550398
Turkmenistan,2009,0.08837446
Turkmenistan,2010,0.087754424
Turkmenistan,2011,0.086749575
Turkmenistan,2012,0.08652329
Turkmenistan,2013,0.086002801
Turkmenistan,2014,0.086562736
Turkmenistan,2015,0.087705218
Turkmenistan,2016,0.088818249
Uganda,2009,0.059607134
Uganda,2010,0.059735952
Uganda,2011,0.061260948
Uganda,2012,0.063201868
Uganda,2013,0.066819088
Uganda,2014,0.069905965
Uganda,2015,0.073044731
Uganda,2016,0.075343409
Ukraine,2007,0.088341899
Ukraine,2009,0.103075999
Ukraine,2010,0.078071322
Ukraine,2011,0.098502186
Ukraine,2012,0.097235737
Ukraine,2013,0.097550475
Ukraine,2014,0.089121106
Ukraine,2015,0.096288376
Ukraine,2016,0.101234715
United Arab Emirates,2007,0.03839976
United Arab Emirates,2009,0.106562012
United Arab Emirates,2010,0.106399628
United Arab Emirates,2011,0.106368769
United Arab Emirates,2012,0.105972824
United Arab Emirates,2013,0.10488407
United Arab Emirates,2014,0.104300702
United Arab Emirates,2015,0.103587948
United Arab Emirates,2016,0.103477817
United Kingdom,2008,0.059685495
United Kingdom,2009,0.05819943
United Kingdom,2010,0.0576386
United Kingdom,2011,0.056671638
United Kingdom,2012,0.055764226
United Kingdom,2013,0.055061216
United Kingdom,2014,0.054947106
United Kingdom,2015,0.054975217
United Kingdom,2016,0.055303985
Uruguay,2010,0.845572255
Uruguay,2011,0.858907988
Uruguay,2012,0.869497527
Uruguay,2013,0.867258465
Uruguay,2014,0.865172619
Uruguay,2015,0.863835267
Uruguay,2016,0.867377847
Uzbekistan,2009,0.038854286
Uzbekistan,2010,0.037302679
Uzbekistan,2011,0.036757738
Uzbekistan,2012,0.034645851
Uzbekistan,2013,0.034594885
Uzbekistan,2014,0.033221956
Uzbekistan,2015,0.033987934
Uzbekistan,2016,0.034412974
Vanuatu,2009,0.10342112
Vanuatu,2010,0.102267561
Vanuatu,2011,0.101047645
Vanuatu,2012,0.099712191
Vanuatu,2013,0.098900807
Vanuatu,2014,0.096285369
Vanuatu,2015,0.095649817
Vanuatu,2016,0.098460951
Venezuela,2009,2.361886496
Venezuela,2010,2.368964111
Venezuela,2011,2.368323424
Venezuela,2012,2.376514557
Venezuela,2013,2.397788766
Venezuela,2014,2.389244183
Venezuela,2015,2.391158453
Venezuela,2016,2.383140219
Veracruz de Ignacio de la Llave,2009,0.581171079
Veracruz de Ignacio de la Llave,2010,0.610875631
Veracruz de Ignacio de la Llave,2011,0.667791567
Veracruz de Ignacio de la Llave,2012,0.690958897
Veracruz de Ignacio de la Llave,2013,0.704471462
Veracruz de Ignacio de la Llave,2014,0.708995992
Veracruz de Ignacio de la Llave,2015,0.718430545
Veracruz de Ignacio de la Llave,2016,0.719940197
Vietnam,2008,0.037603804
Vietnam,2010,0.036971046
Vietnam,2011,0.036876773
Vietnam,2012,0.036821911
Vietnam,2013,0.036623379
Vietnam,2014,0.036364954
Vietnam,2015,0.036338025
Vietnam,2016,0.036361605
"Virgin Islands, U.S.",2008,0.052303671
"Virgin Islands, U.S.",2009,1.825191917
"Virgin Islands, U.S.",2010,1.819858268
"Virgin Islands, U.S.",2011,1.815595454
"Virgin Islands, U.S.",2012,1.793826659
"Virgin Islands, U.S.",2013,1.769767942
"Virgin Islands, U.S.",2014,1.743979687
"Virgin Islands, U.S.",2015,1.710846946
"Virgin Islands, U.S.",2016,1.686951447
Wakayama,2009,0.032831869
Wakayama,2010,0.032675842
Wakayama,2011,0.030944038
Wakayama,2012,0.032662934
Wakayama,2013,0.033021611
Wakayama,2014,0.032876474
Wakayama,2015,0.032934096
Wakayama,2016,0.033001313
Wales,2008,0.074485671
Wales,2009,0.074523751
Wales,2010,0.074781523
Wales,2011,0.073351918
Wales,2012,0.072364987
Wales,2013,0.072216443
Wales,2014,0.072365802
Wales,2015,0.072367987
Wales,2016,0.072255663
West Midlands,2009,0.053061433
West Midlands,2010,0.052199533
West Midlands,2011,0.050967058
West Midlands,2012,0.049541162
West Midlands,2013,0.04916622
West Midlands,2014,0.049170662
West Midlands,2015,0.049287135
West Midlands,2016,0.049870533
Western Europe,2009,0.198907115
Western Europe,2010,0.198976158
Western Europe,2011,0.197636865
Western Europe,2012,0.197425321
Western Europe,2013,0.196033675
Western Europe,2014,0.19154255
Western Europe,2015,0.194820341
Western Europe,2016,0.195646784
Western Sub-Saharan Africa,2009,0.084032883
Western Sub-Saharan Africa,2010,0.085856977
Western Sub-Saharan Africa,2011,0.08722392
Western Sub-Saharan Africa,2012,0.088756181
Western Sub-Saharan Africa,2013,0.090320373
Western Sub-Saharan Africa,2014,0.088831311
Western Sub-Saharan Africa,2015,0.092845559
Western Sub-Saharan Africa,2016,0.095843843
Yamagata,2008,0.026775904
Yamagata,2009,0.026772578
Yamagata,2010,0.026454148
Yamagata,2011,0.026006436
Yamagata,2012,0.026002442
Yamagata,2013,0.026337202
Yamagata,2014,0.026301371
Yamagata,2015,0.026299995
Yamagata,2016,0.026286809
Yamaguchi,2009,0.028866402
Yamaguchi,2010,0.029485789
Yamaguchi,2011,0.029129216
Yamaguchi,2012,0.029277051
Yamaguchi,2013,0.029333182
Yamaguchi,2014,0.029461859
Yamaguchi,2015,0.029434293
Yamaguchi,2016,0.02946842
Yamanashi,2007,0.00746157
Yamanashi,2008,0.007422036
Yamanashi,2009,0.028324856
Yamanashi,2010,0.028260153
Yamanashi,2011,0.027961946
Yamanashi,2012,0.028073734
Yamanashi,2013,0.028787901
Yamanashi,2014,0.028725643
Yamanashi,2015,0.028739383
Yamanashi,2016,0.028775382
Yemen,2009,0.154139094
Yemen,2010,0.155151972
Yemen,2011,0.150595012
Yemen,2012,0.147746572
Yemen,2013,0.155930139
Yemen,2014,0.149215692
Yemen,2015,0.110603428
Yemen,2016,0.10106129
Yorkshire and the Humber,2009,0.046810644
Yorkshire and the Humber,2010,0.046112133
Yorkshire and the Humber,2011,0.045219553
Yorkshire and the Humber,2012,0.044404082
Yorkshire and the Humber,2013,0.044269165
Yorkshire and the Humber,2014,0.044064924
Yorkshire and the Humber,2015,0.043934545
Yorkshire and the Humber,2016,0.044285705
Yucatan,2010,0.308160614
Yucatan,2011,0.311050998
Yucatan,2012,0.310445554
Yucatan,2013,0.315056709
Yucatan,2014,0.311813033
Yucatan,2015,0.314154306
Yucatan,2016,0.322071562
Zacatecas,2009,0.765987218
Zacatecas,2010,0.859371956
Zacatecas,2011,0.926183248
Zacatecas,2012,0.968868876
Zacatecas,2013,0.980217419
Zacatecas,2014,0.955350103
Zacatecas,2015,0.980601279
Zacatecas,2016,0.98378718
Zambia,2009,0.062180256
Zambia,2010,0.064062639
Zambia,2011,0.065696363
Zambia,2012,0.067040183
Zambia,2013,0.069443521
Zambia,2014,0.072582449
Zambia,2015,0.075962113
Zambia,2016,0.077843226
Zimbabwe,2009,0.066251718
Zimbabwe,2010,0.068840849
Zimbabwe,2011,0.072814461
Zimbabwe,2012,0.076774538
Zimbabwe,2013,0.080251788
Zimbabwe,2014,0.084503156
Zimbabwe,2015,0.089928977
Zimbabwe,2016,0.096252825
